"U:0","U:1","U:2","Points:0","Points:1","Points:2"
1,-4.9915e-19,-1.0886e-18,0.32,-1.83,0.5
1,-8.2274e-06,-1.7943e-05,0.32,-1.8263,0.5
1,-1.6455e-05,-3.5887e-05,0.32,-1.8227,0.5
1,-2.4683e-05,-5.383e-05,0.32,-1.819,0.5
1,-3.291e-05,-7.1773e-05,0.32,-1.8154,0.5
1,-4.1138e-05,-8.9717e-05,0.32,-1.8117,0.5
1.0001,-4.9365e-05,-0.00010766,0.32,-1.808,0.5
1.0001,-5.7593e-05,-0.0001256,0.32,-1.8044,0.5
1.0001,-6.582e-05,-0.00014355,0.32,-1.8007,0.5
1.0001,-7.4048e-05,-0.00016149,0.32,-1.7971,0.5
1.0001,-8.2275e-05,-0.00017943,0.32,-1.7934,0.5
1.0001,-9.0503e-05,-0.00019738,0.32,-1.7897,0.5
1.0001,-9.873e-05,-0.00021532,0.32,-1.7861,0.5
1.0001,-0.00010696,-0.00023326,0.32,-1.7824,0.5
1.0001,-0.00011519,-0.00025121,0.32,-1.7788,0.5
1.0001,-0.00012341,-0.00026915,0.32,-1.7751,0.5
1.0001,-0.00013164,-0.00028709,0.32,-1.7714,0.5
1.0001,-0.00013987,-0.00030504,0.32,-1.7678,0.5
1.0002,-0.0001481,-0.00032298,0.32,-1.7641,0.5
1.0002,-0.00015632,-0.00034092,0.32,-1.7605,0.5
1.0002,-0.00016455,-0.00035887,0.32,-1.7568,0.5
1.0002,-0.00017278,-0.00037681,0.32,-1.7531,0.5
1.0002,-0.00018101,-0.00039475,0.32,-1.7495,0.5
1.0002,-0.00018923,-0.0004127,0.32,-1.7458,0.5
1.0002,-0.00019746,-0.00043064,0.32,-1.7422,0.5
1.0002,-0.00020569,-0.00044858,0.32,-1.7385,0.5
1.0002,-0.00021392,-0.00046653,0.32,-1.7348,0.5
1.0002,-0.00022214,-0.00048447,0.32,-1.7312,0.5
1.0002,-0.00023037,-0.00050241,0.32,-1.7275,0.5
1.0003,-0.0002386,-0.00052036,0.32,-1.7239,0.5
1.0003,-0.00024683,-0.0005383,0.32,-1.7202,0.5
1.0003,-0.00025505,-0.00055624,0.32,-1.7165,0.5
1.0003,-0.00026357,-0.00056123,0.32,-1.7129,0.5
1.0003,-0.00027217,-0.00056191,0.32,-1.7092,0.5
1.0003,-0.00028078,-0.00056258,0.32,-1.7056,0.5
1.0003,-0.00028939,-0.00056326,0.32,-1.7019,0.5
1.0003,-0.000298,-0.00056393,0.32,-1.6982,0.5
1.0003,-0.00030661,-0.00056461,0.32,-1.6946,0.5
1.0003,-0.00031521,-0.00056528,0.32,-1.6909,0.5
1.0003,-0.00032382,-0.00056595,0.32,-1.6873,0.5
1.0003,-0.00033243,-0.00056663,0.32,-1.6836,0.5
1.0003,-0.00034104,-0.0005673,0.32,-1.6799,0.5
1.0003,-0.00034965,-0.00056798,0.32,-1.6763,0.5
1.0003,-0.00035825,-0.00056865,0.32,-1.6726,0.5
1.0003,-0.00036686,-0.00056933,0.32,-1.669,0.5
1.0003,-0.00037547,-0.00057,0.32,-1.6653,0.5
1.0003,-0.00038408,-0.00057067,0.32,-1.6616,0.5
1.0003,-0.00039269,-0.00057135,0.32,-1.658,0.5
1.0003,-0.0004013,-0.00057202,0.32,-1.6543,0.5
1.0003,-0.0004099,-0.0005727,0.32,-1.6507,0.5
1.0003,-0.00041851,-0.00057337,0.32,-1.647,0.5
1.0003,-0.00042712,-0.00057405,0.32,-1.6433,0.5
1.0003,-0.00043573,-0.00057472,0.32,-1.6397,0.5
1.0003,-0.00044434,-0.00057539,0.32,-1.636,0.5
1.0003,-0.00045294,-0.00057607,0.32,-1.6324,0.5
1.0003,-0.00046155,-0.00057674,0.32,-1.6287,0.5
1.0003,-0.00047016,-0.00057742,0.32,-1.625,0.5
1.0003,-0.00047877,-0.00057809,0.32,-1.6214,0.5
1.0003,-0.00048738,-0.00057877,0.32,-1.6177,0.5
1.0003,-0.00049598,-0.00057944,0.32,-1.6141,0.5
1.0003,-0.00050459,-0.00058011,0.32,-1.6104,0.5
1.0002,-0.0005132,-0.00058079,0.32,-1.6067,0.5
1.0002,-0.00052181,-0.00058146,0.32,-1.6031,0.5
1.0002,-0.00053087,-0.00058226,0.32,-1.5994,0.5
1.0002,-0.00054038,-0.00058317,0.32,-1.5958,0.5
1.0002,-0.0005499,-0.00058409,0.32,-1.5921,0.5
1.0002,-0.00055941,-0.00058501,0.32,-1.5884,0.5
1.0002,-0.00056893,-0.00058592,0.32,-1.5848,0.5
1.0002,-0.00057844,-0.00058684,0.32,-1.5811,0.5
1.0002,-0.00058796,-0.00058775,0.32,-1.5775,0.5
1.0002,-0.00059747,-0.00058867,0.32,-1.5738,0.5
1.0002,-0.00060699,-0.00058959,0.32,-1.5701,0.5
1.0002,-0.0006165,-0.0005905,0.32,-1.5665,0.5
1.0002,-0.00062602,-0.00059142,0.32,-1.5628,0.5
1.0002,-0.00063553,-0.00059233,0.32,-1.5592,0.5
1.0002,-0.00064505,-0.00059325,0.32,-1.5555,0.5
1.0002,-0.00065456,-0.00059417,0.32,-1.5518,0.5
1.0002,-0.00066407,-0.00059508,0.32,-1.5482,0.5
1.0002,-0.00067359,-0.000596,0.32,-1.5445,0.5
1.0002,-0.0006831,-0.00059691,0.32,-1.5409,0.5
1.0002,-0.00069262,-0.00059783,0.32,-1.5372,0.5
1.0002,-0.00070213,-0.00059874,0.32,-1.5335,0.5
1.0002,-0.00071165,-0.00059966,0.32,-1.5299,0.5
1.0002,-0.00072116,-0.00060058,0.32,-1.5262,0.5
1.0002,-0.00073068,-0.00060149,0.32,-1.5226,0.5
1.0002,-0.00074019,-0.00060241,0.32,-1.5189,0.5
1.0002,-0.00074971,-0.00060332,0.32,-1.5152,0.5
1.0002,-0.00075922,-0.00060424,0.32,-1.5116,0.5
1.0002,-0.00076873,-0.00060516,0.32,-1.5079,0.5
1.0002,-0.00077825,-0.00060607,0.32,-1.5043,0.5
1.0002,-0.00078776,-0.00060699,0.32,-1.5006,0.5
1.0002,-0.00079728,-0.0006079,0.32,-1.4969,0.5
1.0002,-0.00080679,-0.00060882,0.32,-1.4933,0.5
1.0002,-0.00081631,-0.00060974,0.32,-1.4896,0.5
1.0002,-0.00082621,-0.00061074,0.32,-1.486,0.5
1.0002,-0.00083727,-0.000612,0.32,-1.4823,0.5
1.0002,-0.00084833,-0.00061326,0.32,-1.4786,0.5
1.0002,-0.00085939,-0.00061452,0.32,-1.475,0.5
1.0002,-0.00087045,-0.00061577,0.32,-1.4713,0.5
1.0002,-0.0008815,-0.00061703,0.32,-1.4677,0.5
1.0002,-0.00089256,-0.00061829,0.32,-1.464,0.5
1.0002,-0.00090362,-0.00061955,0.32,-1.4603,0.5
1.0002,-0.00091468,-0.00062081,0.32,-1.4567,0.5
1.0002,-0.00092574,-0.00062207,0.32,-1.453,0.5
1.0002,-0.0009368,-0.00062333,0.32,-1.4494,0.5
1.0002,-0.00094786,-0.00062459,0.32,-1.4457,0.5
1.0002,-0.00095892,-0.00062585,0.32,-1.442,0.5
1.0002,-0.00096998,-0.00062711,0.32,-1.4384,0.5
1.0002,-0.00098104,-0.00062837,0.32,-1.4347,0.5
1.0002,-0.0009921,-0.00062963,0.32,-1.4311,0.5
1.0002,-0.0010032,-0.00063089,0.32,-1.4274,0.5
1.0002,-0.0010142,-0.00063215,0.32,-1.4237,0.5
1.0002,-0.0010253,-0.0006334,0.32,-1.4201,0.5
1.0002,-0.0010363,-0.00063466,0.32,-1.4164,0.5
1.0002,-0.0010474,-0.00063592,0.32,-1.4128,0.5
1.0002,-0.0010585,-0.00063718,0.32,-1.4091,0.5
1.0002,-0.0010695,-0.00063844,0.32,-1.4054,0.5
1.0002,-0.0010806,-0.0006397,0.32,-1.4018,0.5
1.0002,-0.0010916,-0.00064096,0.32,-1.3981,0.5
1.0002,-0.0011027,-0.00064222,0.32,-1.3945,0.5
1.0002,-0.0011138,-0.00064348,0.32,-1.3908,0.5
1.0002,-0.0011248,-0.00064474,0.32,-1.3871,0.5
1.0002,-0.0011359,-0.000646,0.32,-1.3835,0.5
1.0001,-0.0011469,-0.00064726,0.32,-1.3798,0.5
1.0001,-0.001158,-0.00064852,0.32,-1.3762,0.5
1.0001,-0.001169,-0.00064978,0.32,-1.3725,0.5
1.0001,-0.0011825,-0.00065135,0.32,-1.3688,0.5
1.0001,-0.0011959,-0.00065293,0.32,-1.3652,0.5
1.0001,-0.0012093,-0.0006545,0.32,-1.3615,0.5
1.0001,-0.0012227,-0.00065608,0.32,-1.3579,0.5
1.0001,-0.0012361,-0.00065765,0.32,-1.3542,0.5
1.0001,-0.0012495,-0.00065923,0.32,-1.3505,0.5
1.0001,-0.0012629,-0.0006608,0.32,-1.3469,0.5
1.0001,-0.0012763,-0.00066238,0.32,-1.3432,0.5
1.0001,-0.0012897,-0.00066396,0.32,-1.3396,0.5
1.0001,-0.0013031,-0.00066553,0.32,-1.3359,0.5
1.0001,-0.0013165,-0.00066711,0.32,-1.3322,0.5
1.0001,-0.0013299,-0.00066868,0.32,-1.3286,0.5
1.0001,-0.0013433,-0.00067026,0.32,-1.3249,0.5
1.0001,-0.0013567,-0.00067183,0.32,-1.3213,0.5
1.0001,-0.0013701,-0.00067341,0.32,-1.3176,0.5
1.0001,-0.0013835,-0.00067499,0.32,-1.3139,0.5
1.0001,-0.0013969,-0.00067656,0.32,-1.3103,0.5
1.0001,-0.0014103,-0.00067814,0.32,-1.3066,0.5
1.0001,-0.0014237,-0.00067971,0.32,-1.303,0.5
1.0001,-0.0014371,-0.00068129,0.32,-1.2993,0.5
1.0001,-0.0014505,-0.00068286,0.32,-1.2956,0.5
1.0001,-0.0014639,-0.00068444,0.32,-1.292,0.5
1.0001,-0.0014773,-0.00068602,0.32,-1.2883,0.5
1.0001,-0.0014907,-0.00068759,0.32,-1.2847,0.5
1.0001,-0.0015042,-0.00068917,0.32,-1.281,0.5
1.0001,-0.0015176,-0.00069074,0.32,-1.2773,0.5
1.0001,-0.001531,-0.00069232,0.32,-1.2737,0.5
1.0001,-0.0015444,-0.00069389,0.32,-1.27,0.5
1.0001,-0.0015578,-0.00069547,0.32,-1.2664,0.5
1.0001,-0.0015712,-0.00069704,0.32,-1.2627,0.5
1.0001,-0.0015846,-0.00069862,0.32,-1.259,0.5
1.0001,-0.0016005,-0.00070039,0.32,-1.2554,0.5
1,-0.0016173,-0.00070223,0.32,-1.2517,0.5
1,-0.0016341,-0.00070406,0.32,-1.2481,0.5
1,-0.0016509,-0.00070589,0.32,-1.2444,0.5
1,-0.0016677,-0.00070773,0.32,-1.2407,0.5
1,-0.0016845,-0.00070956,0.32,-1.2371,0.5
1,-0.0017013,-0.0007114,0.32,-1.2334,0.5
1,-0.0017181,-0.00071323,0.32,-1.2298,0.5
1,-0.0017348,-0.00071507,0.32,-1.2261,0.5
1,-0.0017516,-0.0007169,0.32,-1.2224,0.5
1,-0.0017684,-0.00071874,0.32,-1.2188,0.5
1,-0.0017852,-0.00072057,0.32,-1.2151,0.5
1,-0.001802,-0.00072241,0.32,-1.2115,0.5
1,-0.0018188,-0.00072424,0.32,-1.2078,0.5
1,-0.0018356,-0.00072608,0.32,-1.2041,0.5
0.99999,-0.0018524,-0.00072791,0.32,-1.2005,0.5
0.99999,-0.0018692,-0.00072975,0.32,-1.1968,0.5
0.99999,-0.001886,-0.00073158,0.32,-1.1932,0.5
0.99998,-0.0019027,-0.00073342,0.32,-1.1895,0.5
0.99998,-0.0019195,-0.00073525,0.32,-1.1858,0.5
0.99997,-0.0019363,-0.00073709,0.32,-1.1822,0.5
0.99997,-0.0019531,-0.00073892,0.32,-1.1785,0.5
0.99997,-0.0019699,-0.00074076,0.32,-1.1749,0.5
0.99996,-0.0019867,-0.00074259,0.32,-1.1712,0.5
0.99996,-0.0020035,-0.00074443,0.32,-1.1675,0.5
0.99995,-0.0020203,-0.00074626,0.32,-1.1639,0.5
0.99995,-0.0020371,-0.00074809,0.32,-1.1602,0.5
0.99995,-0.0020539,-0.00074993,0.32,-1.1566,0.5
0.99994,-0.0020707,-0.00075176,0.32,-1.1529,0.5
0.99994,-0.0020874,-0.0007536,0.32,-1.1492,0.5
0.99993,-0.0021042,-0.00075543,0.32,-1.1456,0.5
0.99993,-0.0021235,-0.00075735,0.32,-1.1419,0.5
0.99992,-0.0021452,-0.00075935,0.32,-1.1383,0.5
0.99992,-0.0021669,-0.00076135,0.32,-1.1346,0.5
0.99991,-0.0021886,-0.00076335,0.32,-1.1309,0.5
0.99991,-0.0022104,-0.00076535,0.32,-1.1273,0.5
0.9999,-0.0022321,-0.00076735,0.32,-1.1236,0.5
0.9999,-0.0022538,-0.00076935,0.32,-1.12,0.5
0.99989,-0.0022755,-0.00077135,0.32,-1.1163,0.5
0.99989,-0.0022972,-0.00077335,0.32,-1.1126,0.5
0.99988,-0.002319,-0.00077535,0.32,-1.109,0.5
0.99987,-0.0023407,-0.00077735,0.32,-1.1053,0.5
0.99987,-0.0023624,-0.00077934,0.32,-1.1017,0.5
0.99986,-0.0023841,-0.00078134,0.32,-1.098,0.5
0.99986,-0.0024058,-0.00078334,0.32,-1.0943,0.5
0.99985,-0.0024276,-0.00078534,0.32,-1.0907,0.5
0.99985,-0.0024493,-0.00078734,0.32,-1.087,0.5
0.99984,-0.002471,-0.00078934,0.32,-1.0834,0.5
0.99984,-0.0024927,-0.00079134,0.32,-1.0797,0.5
0.99983,-0.0025144,-0.00079334,0.32,-1.076,0.5
0.99982,-0.0025362,-0.00079534,0.32,-1.0724,0.5
0.99982,-0.0025579,-0.00079734,0.32,-1.0687,0.5
0.99981,-0.0025796,-0.00079934,0.32,-1.0651,0.5
0.99981,-0.0026013,-0.00080134,0.32,-1.0614,0.5
0.9998,-0.0026231,-0.00080334,0.32,-1.0577,0.5
0.9998,-0.0026448,-0.00080534,0.32,-1.0541,0.5
0.99979,-0.0026665,-0.00080734,0.32,-1.0504,0.5
0.99979,-0.0026882,-0.00080934,0.32,-1.0468,0.5
0.99978,-0.0027099,-0.00081134,0.32,-1.0431,0.5
0.99978,-0.0027317,-0.00081333,0.32,-1.0394,0.5
0.99977,-0.0027534,-0.00081533,0.32,-1.0358,0.5
0.99976,-0.0027751,-0.00081733,0.32,-1.0321,0.5
0.99976,-0.0027985,-0.00081934,0.32,-1.0285,0.5
0.99975,-0.0028272,-0.00082135,0.32,-1.0248,0.5
0.99974,-0.0028558,-0.00082335,0.32,-1.0211,0.5
0.99973,-0.0028844,-0.00082536,0.32,-1.0175,0.5
0.99973,-0.0029131,-0.00082737,0.32,-1.0138,0.5
0.99972,-0.0029417,-0.00082938,0.32,-1.0102,0.5
0.99971,-0.0029703,-0.00083139,0.32,-1.0065,0.5
0.9997,-0.002999,-0.0008334,0.32,-1.0028,0.5
0.9997,-0.0030276,-0.00083541,0.32,-0.99918,0.5
0.99969,-0.0030562,-0.00083742,0.32,-0.99552,0.5
0.99968,-0.0030849,-0.00083943,0.32,-0.99186,0.5
0.99967,-0.0031135,-0.00084144,0.32,-0.9882,0.5
0.99967,-0.0031421,-0.00084345,0.32,-0.98454,0.5
0.99966,-0.0031708,-0.00084546,0.32,-0.98088,0.5
0.99965,-0.0031994,-0.00084747,0.32,-0.97722,0.5
0.99964,-0.003228,-0.00084948,0.32,-0.97356,0.5
0.99963,-0.0032567,-0.00085149,0.32,-0.9699,0.5
0.99963,-0.0032853,-0.0008535,0.32,-0.96624,0.5
0.99962,-0.0033139,-0.0008555,0.32,-0.96258,0.5
0.99961,-0.0033426,-0.00085751,0.32,-0.95892,0.5
0.9996,-0.0033712,-0.00085952,0.32,-0.95526,0.5
0.9996,-0.0033998,-0.00086153,0.32,-0.9516,0.5
0.99959,-0.0034284,-0.00086354,0.32,-0.94794,0.5
0.99958,-0.0034571,-0.00086555,0.32,-0.94428,0.5
0.99957,-0.0034857,-0.00086756,0.32,-0.94062,0.5
0.99957,-0.0035143,-0.00086957,0.32,-0.93696,0.5
0.99956,-0.003543,-0.00087158,0.32,-0.9333,0.5
0.99955,-0.0035716,-0.00087359,0.32,-0.92964,0.5
0.99954,-0.0036002,-0.0008756,0.32,-0.92598,0.5
0.99953,-0.0036289,-0.00087761,0.32,-0.92232,0.5
0.99953,-0.0036575,-0.00087962,0.32,-0.91866,0.5
0.99952,-0.0036861,-0.00088163,0.32,-0.915,0.5
0.99951,-0.0037252,-0.0008834,0.32,-0.91134,0.5
0.9995,-0.0037643,-0.00088517,0.32,-0.90768,0.5
0.99949,-0.0038035,-0.00088694,0.32,-0.90402,0.5
0.99948,-0.0038426,-0.00088871,0.32,-0.90036,0.5
0.99947,-0.0038817,-0.00089048,0.32,-0.8967,0.5
0.99946,-0.0039208,-0.00089225,0.32,-0.89304,0.5
0.99944,-0.0039599,-0.00089402,0.32,-0.88938,0.5
0.99943,-0.003999,-0.00089579,0.32,-0.88572,0.5
0.99942,-0.0040381,-0.00089756,0.32,-0.88206,0.5
0.99941,-0.0040772,-0.00089933,0.32,-0.8784,0.5
0.9994,-0.0041163,-0.0009011,0.32,-0.87474,0.5
0.99939,-0.0041554,-0.00090287,0.32,-0.87108,0.5
0.99938,-0.0041945,-0.00090464,0.32,-0.86742,0.5
0.99937,-0.0042336,-0.00090641,0.32,-0.86376,0.5
0.99936,-0.0042727,-0.00090818,0.32,-0.8601,0.5
0.99935,-0.0043118,-0.00090995,0.32,-0.85644,0.5
0.99934,-0.0043509,-0.00091172,0.32,-0.85278,0.5
0.99933,-0.00439,-0.00091349,0.32,-0.84912,0.5
0.99932,-0.0044291,-0.00091526,0.32,-0.84546,0.5
0.99931,-0.0044682,-0.00091703,0.32,-0.8418,0.5
0.9993,-0.0045073,-0.0009188,0.32,-0.83814,0.5
0.99929,-0.0045464,-0.00092057,0.32,-0.83448,0.5
0.99927,-0.0045856,-0.00092234,0.32,-0.83082,0.5
0.99926,-0.0046247,-0.00092411,0.32,-0.82716,0.5
0.99925,-0.0046638,-0.00092588,0.32,-0.8235,0.5
0.99924,-0.0047029,-0.00092765,0.32,-0.81984,0.5
0.99923,-0.004742,-0.00092942,0.32,-0.81618,0.5
0.99922,-0.0047811,-0.00093119,0.32,-0.81252,0.5
0.99921,-0.0048202,-0.00093296,0.32,-0.80886,0.5
0.9992,-0.0048593,-0.00093474,0.32,-0.8052,0.5
0.99919,-0.0048984,-0.00093651,0.32,-0.80154,0.5
0.99917,-0.0049607,-0.00093689,0.32,-0.79788,0.5
0.99915,-0.0050306,-0.00093681,0.32,-0.79422,0.5
0.99912,-0.0051006,-0.00093673,0.32,-0.79056,0.5
0.9991,-0.0051706,-0.00093665,0.32,-0.7869,0.5
0.99908,-0.0052405,-0.00093657,0.32,-0.78324,0.5
0.99906,-0.0053105,-0.00093649,0.32,-0.77958,0.5
0.99903,-0.0053805,-0.00093641,0.32,-0.77592,0.5
0.99901,-0.0054505,-0.00093633,0.32,-0.77226,0.5
0.99899,-0.0055204,-0.00093625,0.32,-0.7686,0.5
0.99897,-0.0055904,-0.00093617,0.32,-0.76494,0.5
0.99894,-0.0056604,-0.00093609,0.32,-0.76128,0.5
0.99892,-0.0057303,-0.00093601,0.32,-0.75762,0.5
0.9989,-0.0058003,-0.00093593,0.32,-0.75396,0.5
0.99887,-0.0058703,-0.00093585,0.32,-0.7503,0.5
0.99885,-0.0059402,-0.00093577,0.32,-0.74664,0.5
0.99883,-0.0060102,-0.00093569,0.32,-0.74298,0.5
0.99881,-0.0060802,-0.00093561,0.32,-0.73932,0.5
0.99878,-0.0061502,-0.00093554,0.32,-0.73566,0.5
0.99876,-0.0062201,-0.00093546,0.32,-0.732,0.5
0.99874,-0.0062901,-0.00093538,0.32,-0.72834,0.5
0.99872,-0.0063601,-0.0009353,0.32,-0.72468,0.5
0.99869,-0.00643,-0.00093522,0.32,-0.72102,0.5
0.99867,-0.0065,-0.00093514,0.32,-0.71736,0.5
0.99865,-0.00657,-0.00093506,0.32,-0.7137,0.5
0.99863,-0.00664,-0.00093498,0.32,-0.71004,0.5
0.9986,-0.0067099,-0.0009349,0.32,-0.70638,0.5
0.99858,-0.0067799,-0.00093482,0.32,-0.70272,0.5
0.99856,-0.0068499,-0.00093474,0.32,-0.69906,0.5
0.99853,-0.0069198,-0.00093466,0.32,-0.6954,0.5
0.99851,-0.0069898,-0.00093458,0.32,-0.69174,0.5
0.99849,-0.0070598,-0.0009345,0.32,-0.68808,0.5
0.99848,-0.0071213,-0.00093578,0.32,-0.68442,0.5
0.99847,-0.0071745,-0.00093841,0.32,-0.68076,0.5
0.99847,-0.0072276,-0.00094105,0.32,-0.6771,0.5
0.99847,-0.0072807,-0.00094369,0.32,-0.67344,0.5
0.99847,-0.0073338,-0.00094634,0.32,-0.66978,0.5
0.99846,-0.0073869,-0.00094899,0.32,-0.66612,0.5
0.99846,-0.00744,-0.00095165,0.32,-0.66246,0.5
0.99846,-0.0074931,-0.00095431,0.32,-0.6588,0.5
0.99846,-0.0075461,-0.00095698,0.32,-0.65514,0.5
0.99845,-0.0075992,-0.00095965,0.32,-0.65148,0.5
0.99845,-0.0076523,-0.00096233,0.32,-0.64782,0.5
0.99845,-0.0077053,-0.00096502,0.32,-0.64416,0.5
0.99844,-0.0077583,-0.00096772,0.32,-0.6405,0.5
0.99844,-0.0078114,-0.00097042,0.32,-0.63684,0.5
0.99844,-0.0078644,-0.00097313,0.32,-0.63318,0.5
0.99844,-0.0079174,-0.00097585,0.32,-0.62952,0.5
0.99843,-0.0079704,-0.00097858,0.32,-0.62586,0.5
0.99843,-0.0080233,-0.00098132,0.32,-0.6222,0.5
0.99843,-0.0080763,-0.00098407,0.32,-0.61854,0.5
0.99842,-0.0081293,-0.00098683,0.32,-0.61488,0.5
0.99842,-0.0081822,-0.00098961,0.32,-0.61122,0.5
0.99842,-0.0082351,-0.00099239,0.32,-0.60756,0.5
0.99841,-0.008288,-0.00099519,0.32,-0.6039,0.5
0.99841,-0.0083409,-0.00099801,0.32,-0.60024,0.5
0.99841,-0.0083937,-0.0010008,0.32,-0.59658,0.5
0.9984,-0.0084465,-0.0010037,0.32,-0.59292,0.5
0.9984,-0.0084993,-0.0010066,0.32,-0.58926,0.5
0.9984,-0.0085521,-0.0010094,0.32,-0.5856,0.5
0.99839,-0.0086048,-0.0010124,0.32,-0.58194,0.5
0.99839,-0.0086575,-0.0010153,0.32,-0.57828,0.5
0.99839,-0.0087102,-0.0010183,0.32,-0.57462,0.5
0.99837,-0.0087832,-0.0010193,0.32,-0.57096,0.5
0.99832,-0.0089171,-0.0010146,0.32,-0.5673,0.5
0.99828,-0.009051,-0.0010099,0.32,-0.56364,0.5
0.99823,-0.009185,-0.0010052,0.32,-0.55998,0.5
0.99818,-0.0093189,-0.0010005,0.32,-0.55632,0.5
0.99814,-0.0094529,-0.00099574,0.32,-0.55266,0.5
0.99809,-0.0095868,-0.00099102,0.32,-0.549,0.5
0.99804,-0.0097208,-0.0009863,0.32,-0.54534,0.5
0.998,-0.0098547,-0.00098158,0.32,-0.54168,0.5
0.99795,-0.0099887,-0.00097687,0.32,-0.53802,0.5
0.9979,-0.010123,-0.00097215,0.32,-0.53436,0.5
0.99785,-0.010257,-0.00096743,0.32,-0.5307,0.5
0.99781,-0.01039,-0.00096271,0.32,-0.52704,0.5
0.99776,-0.010524,-0.000958,0.32,-0.52338,0.5
0.99771,-0.010658,-0.00095328,0.32,-0.51972,0.5
0.99767,-0.010792,-0.00094856,0.32,-0.51606,0.5
0.99763,-0.010906,-0.00094542,0.32,-0.5124,0.5
0.9976,-0.011007,-0.00094323,0.32,-0.50874,0.5
0.99757,-0.011109,-0.00094103,0.32,-0.50508,0.5
0.99754,-0.01121,-0.00093884,0.32,-0.50142,0.5
0.99751,-0.011311,-0.00093665,0.32,-0.49776,0.5
0.99748,-0.011412,-0.00093445,0.32,-0.4941,0.5
0.99745,-0.011514,-0.00093226,0.32,-0.49044,0.5
0.99742,-0.011615,-0.00093007,0.32,-0.48678,0.5
0.99739,-0.011716,-0.00092787,0.32,-0.48312,0.5
0.99736,-0.011818,-0.00092568,0.32,-0.47946,0.5
0.99733,-0.011919,-0.00092349,0.32,-0.4758,0.5
0.9973,-0.01202,-0.00092129,0.32,-0.47214,0.5
0.99727,-0.012122,-0.0009191,0.32,-0.46848,0.5
0.99724,-0.012223,-0.00091691,0.32,-0.46482,0.5
0.99721,-0.012324,-0.00091471,0.32,-0.46116,0.5
0.99718,-0.012426,-0.00091252,0.32,-0.4575,0.5
0.99716,-0.012556,-0.00091204,0.32,-0.45384,0.5
0.99713,-0.012687,-0.00091135,0.32,-0.45018,0.5
0.99711,-0.012818,-0.00091044,0.32,-0.44652,0.5
0.99708,-0.012948,-0.00090927,0.32,-0.44286,0.5
0.99705,-0.013079,-0.00090782,0.32,-0.4392,0.5
0.99703,-0.013212,-0.00090387,0.32,-0.43554,0.5
0.99701,-0.013344,-0.0008996,0.32,-0.43188,0.5
0.99699,-0.013477,-0.00089533,0.32,-0.42822,0.5
0.99698,-0.013609,-0.00089106,0.32,-0.42456,0.5
0.99696,-0.013742,-0.00088678,0.32,-0.4209,0.5
0.99694,-0.013874,-0.00088251,0.32,-0.41724,0.5
0.99692,-0.014007,-0.00087824,0.32,-0.41358,0.5
0.9969,-0.014139,-0.00087397,0.32,-0.40992,0.5
0.99688,-0.014272,-0.0008697,0.32,-0.40626,0.5
0.99686,-0.014404,-0.00086542,0.32,-0.4026,0.5
0.99684,-0.014561,-0.00086073,0.32,-0.39894,0.5
0.99682,-0.014758,-0.00085534,0.32,-0.39528,0.5
0.9968,-0.014954,-0.00084995,0.32,-0.39162,0.5
0.99678,-0.015151,-0.00084456,0.32,-0.38796,0.5
0.99675,-0.015348,-0.00083917,0.32,-0.3843,0.5
0.99673,-0.015544,-0.00083378,0.32,-0.38064,0.5
0.99671,-0.015741,-0.00082839,0.32,-0.37698,0.5
0.99669,-0.015938,-0.000823,0.32,-0.37332,0.5
0.99667,-0.016082,-0.00081885,0.32,-0.36966,0.5
0.99666,-0.016184,-0.00081567,0.32,-0.366,0.5
0.99665,-0.016287,-0.00081249,0.32,-0.36234,0.5
0.99664,-0.01639,-0.00080931,0.32,-0.35868,0.5
0.99663,-0.016493,-0.00080613,0.32,-0.35502,0.5
0.99662,-0.016596,-0.00080295,0.32,-0.35136,0.5
0.99661,-0.016699,-0.00079976,0.32,-0.3477,0.5
0.9966,-0.016802,-0.00079658,0.32,-0.34404,0.5
0.99654,-0.017014,-0.00078892,0.32,-0.34038,0.5
0.99645,-0.017263,-0.00077977,0.32,-0.33672,0.5
0.99636,-0.017512,-0.00077061,0.32,-0.33306,0.5
0.99628,-0.017761,-0.00076146,0.32,-0.3294,0.5
0.99619,-0.01801,-0.0007523,0.32,-0.32574,0.5
0.99611,-0.018259,-0.00074315,0.32,-0.32208,0.5
0.99602,-0.018507,-0.00073399,0.32,-0.31842,0.5
0.99594,-0.018756,-0.00072483,0.32,-0.31476,0.5
0.99591,-0.018953,-0.00071797,0.32,-0.3111,0.5
0.99589,-0.019147,-0.00071126,0.32,-0.30744,0.5
0.99587,-0.01934,-0.00070454,0.32,-0.30378,0.5
0.99585,-0.019533,-0.00069783,0.32,-0.30012,0.5
0.99583,-0.019727,-0.00069112,0.32,-0.29646,0.5
0.99581,-0.01992,-0.0006844,0.32,-0.2928,0.5
0.99579,-0.020113,-0.00067769,0.32,-0.28914,0.5
0.99577,-0.020308,-0.00067085,0.32,-0.28548,0.5
0.99574,-0.020512,-0.00066315,0.32,-0.28182,0.5
0.99572,-0.020715,-0.00065545,0.32,-0.27816,0.5
0.9957,-0.020919,-0.00064775,0.32,-0.2745,0.5
0.99568,-0.021123,-0.00064005,0.32,-0.27084,0.5
0.99566,-0.021327,-0.00063235,0.32,-0.26718,0.5
0.99564,-0.02153,-0.00062465,0.32,-0.26352,0.5
0.99561,-0.021734,-0.00061695,0.32,-0.25986,0.5
0.99559,-0.02194,-0.00060905,0.32,-0.2562,0.5
0.99556,-0.022149,-0.00060073,0.32,-0.25254,0.5
0.99552,-0.022359,-0.0005924,0.32,-0.24888,0.5
0.99549,-0.022568,-0.00058407,0.32,-0.24522,0.5
0.99546,-0.022778,-0.00057574,0.32,-0.24156,0.5
0.99542,-0.022987,-0.00056742,0.32,-0.2379,0.5
0.99539,-0.023197,-0.00055909,0.32,-0.23424,0.5
0.99535,-0.023407,-0.00055076,0.32,-0.23058,0.5
0.99532,-0.023617,-0.00054222,0.32,-0.22692,0.5
0.99528,-0.023829,-0.00053346,0.32,-0.22326,0.5
0.99525,-0.02404,-0.0005247,0.32,-0.2196,0.5
0.99521,-0.024252,-0.00051594,0.32,-0.21594,0.5
0.99517,-0.024464,-0.00050718,0.32,-0.21228,0.5
0.99513,-0.024675,-0.00049842,0.32,-0.20862,0.5
0.9951,-0.024887,-0.00048966,0.32,-0.20496,0.5
0.99506,-0.025098,-0.00048089,0.32,-0.2013,0.5
0.99501,-0.025307,-0.00047181,0.32,-0.19764,0.5
0.99496,-0.025515,-0.00046259,0.32,-0.19398,0.5
0.99491,-0.025722,-0.00045337,0.32,-0.19032,0.5
0.99485,-0.02593,-0.00044414,0.32,-0.18666,0.5
0.9948,-0.026138,-0.00043492,0.32,-0.183,0.5
0.99475,-0.026345,-0.00042569,0.32,-0.17934,0.5
0.99469,-0.026553,-0.00041647,0.32,-0.17568,0.5
0.99464,-0.02676,-0.00040724,0.32,-0.17202,0.5
0.99454,-0.026958,-0.00039782,0.32,-0.16836,0.5
0.99443,-0.027153,-0.00038837,0.32,-0.1647,0.5
0.99432,-0.027349,-0.00037891,0.32,-0.16104,0.5
0.99421,-0.027545,-0.00036946,0.32,-0.15738,0.5
0.9941,-0.027741,-0.00036001,0.32,-0.15372,0.5
0.99399,-0.027936,-0.00035055,0.32,-0.15006,0.5
0.99388,-0.028132,-0.0003411,0.32,-0.1464,0.5
0.99377,-0.028327,-0.00033167,0.32,-0.14274,0.5
0.99358,-0.028503,-0.00032264,0.32,-0.13908,0.5
0.99339,-0.028679,-0.0003136,0.32,-0.13542,0.5
0.99319,-0.028855,-0.00030456,0.32,-0.13176,0.5
0.993,-0.029031,-0.00029553,0.32,-0.1281,0.5
0.99281,-0.029207,-0.00028649,0.32,-0.12444,0.5
0.99262,-0.029384,-0.00027745,0.32,-0.12078,0.5
0.99242,-0.02956,-0.00026842,0.32,-0.11712,0.5
0.99221,-0.029729,-0.00025964,0.32,-0.11346,0.5
0.99194,-0.029878,-0.00025162,0.32,-0.1098,0.5
0.99168,-0.030026,-0.00024361,0.32,-0.10614,0.5
0.99141,-0.030175,-0.0002356,0.32,-0.10248,0.5
0.99114,-0.030323,-0.00022759,0.32,-0.09882,0.5
0.99088,-0.030472,-0.00021957,0.32,-0.09516,0.5
0.99061,-0.030621,-0.00021156,0.32,-0.0915,0.5
0.99034,-0.030769,-0.00020355,0.32,-0.08784,0.5
0.99006,-0.030902,-0.00019618,0.32,-0.08418,0.5
0.98976,-0.031015,-0.00018965,0.32,-0.08052,0.5
0.98946,-0.031128,-0.00018311,0.32,-0.07686,0.5
0.98916,-0.031241,-0.00017658,0.32,-0.0732,0.5
0.98886,-0.031354,-0.00017004,0.32,-0.06954,0.5
0.98856,-0.031467,-0.00016351,0.32,-0.06588,0.5
0.98827,-0.03158,-0.00015697,0.32,-0.06222,0.5
0.98797,-0.031693,-0.00015044,0.32,-0.05856,0.5
0.9877,-0.031783,-0.00014479,0.32,-0.0549,0.5
0.98745,-0.03186,-0.00013967,0.32,-0.05124,0.5
0.9872,-0.031936,-0.00013455,0.32,-0.04758,0.5
0.98695,-0.032013,-0.00012943,0.32,-0.04392,0.5
0.9867,-0.032089,-0.00012431,0.32,-0.04026,0.5
0.98645,-0.032166,-0.00011919,0.32,-0.0366,0.5
0.9862,-0.032242,-0.00011407,0.32,-0.03294,0.5
0.98595,-0.032319,-0.00010895,0.32,-0.02928,0.5
0.98582,-0.032362,-0.00010544,0.32,-0.02562,0.5
0.98571,-0.032398,-0.0001023,0.32,-0.02196,0.5
0.9856,-0.032433,-9.916e-05,0.32,-0.0183,0.5
0.9855,-0.032469,-9.602e-05,0.32,-0.01464,0.5
0.98539,-0.032504,-9.288e-05,0.32,-0.01098,0.5
0.98528,-0.03254,-8.9741e-05,0.32,-0.00732,0.5
0.98517,-0.032575,-8.6601e-05,0.32,-0.00366,0.5
0.98506,-0.032611,-8.3462e-05,0.32,0,0.5
0.98519,-0.03261,-8.0939e-05,0.32,0.00366,0.5
0.98532,-0.032608,-7.8416e-05,0.32,0.00732,0.5
0.98544,-0.032607,-7.5894e-05,0.32,0.01098,0.5
0.98557,-0.032606,-7.3371e-05,0.32,0.01464,0.5
0.9857,-0.032605,-7.0849e-05,0.32,0.0183,0.5
0.98583,-0.032603,-6.8326e-05,0.32,0.02196,0.5
0.98595,-0.032602,-6.5804e-05,0.32,0.02562,0.5
0.98613,-0.032594,-6.2919e-05,0.32,0.02928,0.5
0.9865,-0.032555,-5.8463e-05,0.32,0.03294,0.5
0.98688,-0.032517,-5.4007e-05,0.32,0.0366,0.5
0.98725,-0.032479,-4.9551e-05,0.32,0.04026,0.5
0.98763,-0.032441,-4.5096e-05,0.32,0.04392,0.5
0.98801,-0.032402,-4.064e-05,0.32,0.04758,0.5
0.98838,-0.032364,-3.6184e-05,0.32,0.05124,0.5
0.98876,-0.032326,-3.1728e-05,0.32,0.0549,0.5
0.98919,-0.032272,-2.6816e-05,0.32,0.05856,0.5
0.98971,-0.032191,-2.1141e-05,0.32,0.06222,0.5
0.99023,-0.032111,-1.5466e-05,0.32,0.06588,0.5
0.99075,-0.032031,-9.7914e-06,0.32,0.06954,0.5
0.99128,-0.03195,-4.1167e-06,0.32,0.0732,0.5
0.9918,-0.03187,1.5581e-06,0.32,0.07686,0.5
0.99232,-0.03179,7.2328e-06,0.32,0.08052,0.5
0.99284,-0.031709,1.2908e-05,0.32,0.08418,0.5
0.99338,-0.031608,1.9261e-05,0.32,0.08784,0.5
0.99392,-0.031491,2.6142e-05,0.32,0.0915,0.5
0.99446,-0.031374,3.3023e-05,0.32,0.09516,0.5
0.99501,-0.031257,3.9904e-05,0.32,0.09882,0.5
0.99555,-0.03114,4.6786e-05,0.32,0.10248,0.5
0.9961,-0.031023,5.3667e-05,0.32,0.10614,0.5
0.99664,-0.030906,6.0548e-05,0.32,0.1098,0.5
0.99719,-0.030788,6.7429e-05,0.32,0.11346,0.5
0.99768,-0.030645,7.5524e-05,0.32,0.11712,0.5
0.99815,-0.030493,8.4023e-05,0.32,0.12078,0.5
0.99862,-0.030341,9.2522e-05,0.32,0.12444,0.5
0.99909,-0.030189,0.00010102,0.32,0.1281,0.5
0.99957,-0.030037,0.00010952,0.32,0.13176,0.5
1,-0.029885,0.00011802,0.32,0.13542,0.5
1.0005,-0.029733,0.00012652,0.32,0.13908,0.5
1.001,-0.029581,0.00013502,0.32,0.14274,0.5
1.0013,-0.029405,0.00014429,0.32,0.1464,0.5
1.0017,-0.029226,0.00015361,0.32,0.15006,0.5
1.002,-0.029047,0.00016294,0.32,0.15372,0.5
1.0024,-0.028869,0.00017226,0.32,0.15738,0.5
1.0027,-0.02869,0.00018159,0.32,0.16104,0.5
1.0031,-0.028512,0.00019091,0.32,0.1647,0.5
1.0034,-0.028333,0.00020024,0.32,0.16836,0.5
1.0038,-0.028152,0.00020961,0.32,0.17202,0.5
1.004,-0.027953,0.00021933,0.32,0.17568,0.5
1.0042,-0.027754,0.00022905,0.32,0.17934,0.5
1.0044,-0.027556,0.00023877,0.32,0.183,0.5
1.0046,-0.027357,0.00024849,0.32,0.18666,0.5
1.0048,-0.027158,0.00025821,0.32,0.19032,0.5
1.0051,-0.026959,0.00026793,0.32,0.19398,0.5
1.0053,-0.02676,0.00027765,0.32,0.19764,0.5
1.0054,-0.026557,0.00028736,0.32,0.2013,0.5
1.0055,-0.026347,0.00029705,0.32,0.20496,0.5
1.0056,-0.026136,0.00030674,0.32,0.20862,0.5
1.0057,-0.025926,0.00031643,0.32,0.21228,0.5
1.0058,-0.025715,0.00032612,0.32,0.21594,0.5
1.0059,-0.025505,0.00033581,0.32,0.2196,0.5
1.006,-0.025294,0.0003455,0.32,0.22326,0.5
1.0061,-0.025084,0.00035519,0.32,0.22692,0.5
1.0062,-0.024871,0.00036472,0.32,0.23058,0.5
1.0062,-0.024657,0.0003741,0.32,0.23424,0.5
1.0062,-0.024443,0.00038347,0.32,0.2379,0.5
1.0063,-0.024228,0.00039285,0.32,0.24156,0.5
1.0063,-0.024014,0.00040222,0.32,0.24522,0.5
1.0063,-0.0238,0.00041159,0.32,0.24888,0.5
1.0064,-0.023585,0.00042097,0.32,0.25254,0.5
1.0064,-0.023371,0.00043034,0.32,0.2562,0.5
1.0064,-0.023158,0.0004393,0.32,0.25986,0.5
1.0064,-0.022947,0.00044806,0.32,0.26352,0.5
1.0064,-0.022735,0.00045682,0.32,0.26718,0.5
1.0064,-0.022524,0.00046559,0.32,0.27084,0.5
1.0064,-0.022312,0.00047435,0.32,0.2745,0.5
1.0064,-0.0221,0.00048311,0.32,0.27816,0.5
1.0064,-0.021889,0.00049188,0.32,0.28182,0.5
1.0064,-0.021677,0.00050064,0.32,0.28548,0.5
1.0064,-0.021473,0.00050872,0.32,0.28914,0.5
1.0064,-0.02127,0.00051671,0.32,0.2928,0.5
1.0064,-0.021067,0.00052469,0.32,0.29646,0.5
1.0064,-0.020864,0.00053267,0.32,0.30012,0.5
1.0063,-0.020661,0.00054066,0.32,0.30378,0.5
1.0063,-0.020458,0.00054864,0.32,0.30744,0.5
1.0063,-0.020255,0.00055663,0.32,0.3111,0.5
1.0063,-0.020049,0.00056484,0.32,0.31476,0.5
1.0062,-0.019787,0.00057656,0.32,0.31842,0.5
1.0061,-0.019525,0.00058827,0.32,0.32208,0.5
1.006,-0.019263,0.00059998,0.32,0.32574,0.5
1.0059,-0.019001,0.00061169,0.32,0.3294,0.5
1.0058,-0.018739,0.0006234,0.32,0.33306,0.5
1.0057,-0.018477,0.00063511,0.32,0.33672,0.5
1.0056,-0.018215,0.00064682,0.32,0.34038,0.5
1.0055,-0.017991,0.0006566,0.32,0.34404,0.5
1.0055,-0.01788,0.00066057,0.32,0.3477,0.5
1.0054,-0.017769,0.00066454,0.32,0.35136,0.5
1.0054,-0.017657,0.00066851,0.32,0.35502,0.5
1.0054,-0.017546,0.00067249,0.32,0.35868,0.5
1.0054,-0.017435,0.00067646,0.32,0.36234,0.5
1.0054,-0.017323,0.00068043,0.32,0.366,0.5
1.0054,-0.017212,0.0006844,0.32,0.36966,0.5
1.0053,-0.017059,0.00068947,0.32,0.37332,0.5
1.0053,-0.016852,0.00069594,0.32,0.37698,0.5
1.0053,-0.016644,0.00070241,0.32,0.38064,0.5
1.0053,-0.016437,0.00070888,0.32,0.3843,0.5
1.0052,-0.01623,0.00071535,0.32,0.38796,0.5
1.0052,-0.016023,0.00072182,0.32,0.39162,0.5
1.0052,-0.015815,0.00072829,0.32,0.39528,0.5
1.0052,-0.015608,0.00073476,0.32,0.39894,0.5
1.0051,-0.015437,0.00073904,0.32,0.4026,0.5
1.0051,-0.01529,0.0007423,0.32,0.40626,0.5
1.0051,-0.015145,0.00074582,0.32,0.40992,0.5
1.005,-0.015001,0.00074952,0.32,0.41358,0.5
1.005,-0.014857,0.00075335,0.32,0.41724,0.5
1.005,-0.014714,0.00075728,0.32,0.4209,0.5
1.005,-0.014571,0.0007613,0.32,0.42456,0.5
1.0049,-0.014429,0.00076538,0.32,0.42822,0.5
1.0049,-0.014287,0.00076953,0.32,0.43188,0.5
1.0049,-0.014146,0.00077371,0.32,0.43554,0.5
1.0049,-0.014004,0.00077794,0.32,0.4392,0.5
1.0048,-0.013863,0.00078221,0.32,0.44286,0.5
1.0048,-0.013722,0.0007865,0.32,0.44652,0.5
1.0048,-0.013581,0.00079045,0.32,0.45018,0.5
1.0048,-0.01344,0.0007941,0.32,0.45384,0.5
1.0047,-0.013298,0.00079776,0.32,0.4575,0.5
1.0047,-0.013184,0.0008014,0.32,0.46116,0.5
1.0046,-0.013071,0.00080504,0.32,0.46482,0.5
1.0046,-0.012957,0.00080868,0.32,0.46848,0.5
1.0045,-0.012843,0.00081232,0.32,0.47214,0.5
1.0045,-0.012729,0.00081597,0.32,0.4758,0.5
1.0044,-0.012615,0.00081961,0.32,0.47946,0.5
1.0044,-0.012502,0.00082325,0.32,0.48312,0.5
1.0043,-0.012388,0.00082689,0.32,0.48678,0.5
1.0043,-0.012274,0.00083053,0.32,0.49044,0.5
1.0042,-0.01216,0.00083418,0.32,0.4941,0.5
1.0042,-0.012047,0.00083782,0.32,0.49776,0.5
1.0041,-0.011933,0.00084146,0.32,0.50142,0.5
1.0041,-0.011819,0.0008451,0.32,0.50508,0.5
1.004,-0.011705,0.00084875,0.32,0.50874,0.5
1.004,-0.011592,0.00085239,0.32,0.5124,0.5
1.0039,-0.011465,0.00085621,0.32,0.51606,0.5
1.0038,-0.011317,0.00086033,0.32,0.51972,0.5
1.0038,-0.011169,0.00086445,0.32,0.52338,0.5
1.0037,-0.01102,0.00086857,0.32,0.52704,0.5
1.0037,-0.010872,0.00087269,0.32,0.5307,0.5
1.0036,-0.010724,0.00087681,0.32,0.53436,0.5
1.0036,-0.010576,0.00088093,0.32,0.53802,0.5
1.0035,-0.010428,0.00088506,0.32,0.54168,0.5
1.0035,-0.01028,0.00088918,0.32,0.54534,0.5
1.0034,-0.010131,0.0008933,0.32,0.549,0.5
1.0033,-0.0099832,0.00089742,0.32,0.55266,0.5
1.0033,-0.009835,0.00090154,0.32,0.55632,0.5
1.0032,-0.0096869,0.00090566,0.32,0.55998,0.5
1.0032,-0.0095387,0.00090978,0.32,0.56364,0.5
1.0031,-0.0093905,0.0009139,0.32,0.5673,0.5
1.0031,-0.0092424,0.00091802,0.32,0.57096,0.5
nan,nan,nan,0.32,0.57462,0.5
nan,nan,nan,0.32,0.57828,0.5
1.003,-0.0090451,0.00092669,0.32,0.58194,0.5
1.003,-0.0089872,0.00092943,0.32,0.5856,0.5
1.003,-0.0089296,0.00093215,0.32,0.58926,0.5
1.003,-0.0088721,0.00093487,0.32,0.59292,0.5
1.003,-0.0088148,0.00093757,0.32,0.59658,0.5
1.003,-0.0087575,0.00094026,0.32,0.60024,0.5
1.0029,-0.0087004,0.00094294,0.32,0.6039,0.5
1.0029,-0.0086434,0.00094561,0.32,0.60756,0.5
1.0029,-0.0085865,0.00094828,0.32,0.61122,0.5
1.0029,-0.0085297,0.00095093,0.32,0.61488,0.5
1.0029,-0.008473,0.00095358,0.32,0.61854,0.5
1.0029,-0.0084163,0.00095623,0.32,0.6222,0.5
1.0029,-0.0083598,0.00095887,0.32,0.62586,0.5
1.0029,-0.0083032,0.0009615,0.32,0.62952,0.5
1.0029,-0.0082468,0.00096413,0.32,0.63318,0.5
1.0028,-0.0081904,0.00096675,0.32,0.63684,0.5
1.0028,-0.008134,0.00096937,0.32,0.6405,0.5
1.0028,-0.0080777,0.00097199,0.32,0.64416,0.5
1.0028,-0.0080214,0.0009746,0.32,0.64782,0.5
1.0028,-0.0079652,0.00097721,0.32,0.65148,0.5
1.0028,-0.007909,0.00097982,0.32,0.65514,0.5
1.0028,-0.0078528,0.00098242,0.32,0.6588,0.5
1.0028,-0.0077967,0.00098502,0.32,0.66246,0.5
1.0028,-0.0077406,0.00098762,0.32,0.66612,0.5
1.0028,-0.0076846,0.00099022,0.32,0.66978,0.5
1.0027,-0.0076285,0.00099281,0.32,0.67344,0.5
1.0027,-0.0075725,0.00099493,0.32,0.6771,0.5
1.0027,-0.0075167,0.00098981,0.32,0.68076,0.5
1.0027,-0.0074608,0.0009847,0.32,0.68442,0.5
1.0027,-0.0073955,0.00098089,0.32,0.68808,0.5
1.0027,-0.0073209,0.00097839,0.32,0.69174,0.5
1.0026,-0.0072463,0.00097588,0.32,0.6954,0.5
1.0026,-0.0071717,0.00097337,0.32,0.69906,0.5
1.0026,-0.0070972,0.00097087,0.32,0.70272,0.5
1.0025,-0.0070226,0.00096836,0.32,0.70638,0.5
1.0025,-0.006948,0.00096586,0.32,0.71004,0.5
1.0025,-0.0068734,0.00096335,0.32,0.7137,0.5
1.0025,-0.0067988,0.00096084,0.32,0.71736,0.5
1.0024,-0.0067242,0.00095834,0.32,0.72102,0.5
1.0024,-0.0066496,0.00095583,0.32,0.72468,0.5
1.0024,-0.006575,0.00095332,0.32,0.72834,0.5
1.0023,-0.0065005,0.00095082,0.32,0.732,0.5
1.0023,-0.0064259,0.00094831,0.32,0.73566,0.5
1.0023,-0.0063513,0.00094581,0.32,0.73932,0.5
1.0023,-0.0062767,0.0009433,0.32,0.74298,0.5
1.0022,-0.0062021,0.00094079,0.32,0.74664,0.5
1.0022,-0.0061275,0.00093829,0.32,0.7503,0.5
1.0022,-0.0060529,0.00093578,0.32,0.75396,0.5
1.0021,-0.0059783,0.00093328,0.32,0.75762,0.5
1.0021,-0.0059038,0.00093077,0.32,0.76128,0.5
1.0021,-0.0058292,0.00092826,0.32,0.76494,0.5
1.0021,-0.0057546,0.00092576,0.32,0.7686,0.5
1.002,-0.00568,0.00092325,0.32,0.77226,0.5
1.002,-0.0056054,0.00092074,0.32,0.77592,0.5
1.002,-0.0055308,0.00091824,0.32,0.77958,0.5
1.0019,-0.0054562,0.00091573,0.32,0.78324,0.5
1.0019,-0.0053816,0.00091323,0.32,0.7869,0.5
1.0019,-0.005307,0.00091072,0.32,0.79056,0.5
1.0019,-0.0052325,0.00090821,0.32,0.79422,0.5
1.0018,-0.0051579,0.00090571,0.32,0.79788,0.5
1.0018,-0.0050915,0.00090349,0.32,0.80154,0.5
1.0018,-0.00505,0.00090214,0.32,0.8052,0.5
1.0018,-0.0050084,0.00090078,0.32,0.80886,0.5
1.0017,-0.0049669,0.00089943,0.32,0.81252,0.5
1.0017,-0.0049253,0.00089807,0.32,0.81618,0.5
1.0017,-0.0048838,0.00089672,0.32,0.81984,0.5
1.0017,-0.0048422,0.00089536,0.32,0.8235,0.5
1.0017,-0.0048007,0.00089401,0.32,0.82716,0.5
1.0017,-0.0047592,0.00089265,0.32,0.83082,0.5
1.0017,-0.0047176,0.0008913,0.32,0.83448,0.5
1.0016,-0.0046761,0.00088994,0.32,0.83814,0.5
1.0016,-0.0046345,0.00088859,0.32,0.8418,0.5
1.0016,-0.004593,0.00088724,0.32,0.84546,0.5
1.0016,-0.0045514,0.00088588,0.32,0.84912,0.5
1.0016,-0.0045099,0.00088453,0.32,0.85278,0.5
1.0016,-0.0044683,0.00088317,0.32,0.85644,0.5
1.0015,-0.0044268,0.00088182,0.32,0.8601,0.5
1.0015,-0.0043852,0.00088046,0.32,0.86376,0.5
1.0015,-0.0043437,0.00087911,0.32,0.86742,0.5
1.0015,-0.0043021,0.00087775,0.32,0.87108,0.5
1.0015,-0.0042606,0.0008764,0.32,0.87474,0.5
1.0015,-0.004219,0.00087504,0.32,0.8784,0.5
1.0014,-0.0041775,0.00087369,0.32,0.88206,0.5
1.0014,-0.0041359,0.00087234,0.32,0.88572,0.5
1.0014,-0.0040944,0.00087098,0.32,0.88938,0.5
1.0014,-0.0040528,0.00086963,0.32,0.89304,0.5
1.0014,-0.0040113,0.00086827,0.32,0.8967,0.5
1.0014,-0.0039697,0.00086692,0.32,0.90036,0.5
1.0013,-0.0039282,0.00086556,0.32,0.90402,0.5
1.0013,-0.0038866,0.00086421,0.32,0.90768,0.5
1.0013,-0.0038451,0.00086285,0.32,0.91134,0.5
1.0013,-0.0038035,0.0008615,0.32,0.915,0.5
1.0013,-0.0037734,0.00085977,0.32,0.91866,0.5
1.0013,-0.0037432,0.00085804,0.32,0.92232,0.5
1.0013,-0.003713,0.00085632,0.32,0.92598,0.5
1.0013,-0.0036829,0.00085459,0.32,0.92964,0.5
1.0012,-0.0036527,0.00085286,0.32,0.9333,0.5
1.0012,-0.0036225,0.00085113,0.32,0.93696,0.5
1.0012,-0.0035924,0.00084941,0.32,0.94062,0.5
1.0012,-0.0035622,0.00084768,0.32,0.94428,0.5
1.0012,-0.0035321,0.00084595,0.32,0.94794,0.5
1.0012,-0.0035019,0.00084422,0.32,0.9516,0.5
1.0012,-0.0034717,0.0008425,0.32,0.95526,0.5
1.0012,-0.0034416,0.00084077,0.32,0.95892,0.5
1.0011,-0.0034114,0.00083904,0.32,0.96258,0.5
1.0011,-0.0033812,0.00083731,0.32,0.96624,0.5
1.0011,-0.0033511,0.00083559,0.32,0.9699,0.5
1.0011,-0.0033209,0.00083386,0.32,0.97356,0.5
1.0011,-0.0032907,0.00083213,0.32,0.97722,0.5
1.0011,-0.0032606,0.0008304,0.32,0.98088,0.5
1.0011,-0.0032304,0.00082868,0.32,0.98454,0.5
1.0011,-0.0032003,0.00082695,0.32,0.9882,0.5
1.0011,-0.0031701,0.00082522,0.32,0.99186,0.5
1.001,-0.0031399,0.00082349,0.32,0.99552,0.5
1.001,-0.0031098,0.00082177,0.32,0.99918,0.5
1.001,-0.0030796,0.00082004,0.32,1.0028,0.5
1.001,-0.0030494,0.00081831,0.32,1.0065,0.5
1.001,-0.0030193,0.00081658,0.32,1.0102,0.5
1.001,-0.0029891,0.00081486,0.32,1.0138,0.5
1.001,-0.0029589,0.00081313,0.32,1.0175,0.5
1.001,-0.0029288,0.0008114,0.32,1.0211,0.5
1.0009,-0.0028986,0.00080967,0.32,1.0248,0.5
1.0009,-0.0028685,0.00080795,0.32,1.0285,0.5
1.0009,-0.0028439,0.00080616,0.32,1.0321,0.5
1.0009,-0.0028212,0.00080435,0.32,1.0358,0.5
1.0009,-0.0027985,0.00080254,0.32,1.0394,0.5
1.0009,-0.0027758,0.00080073,0.32,1.0431,0.5
1.0009,-0.0027531,0.00079893,0.32,1.0468,0.5
1.0009,-0.0027304,0.00079712,0.32,1.0504,0.5
1.0009,-0.0027077,0.00079531,0.32,1.0541,0.5
1.0009,-0.002685,0.0007935,0.32,1.0577,0.5
1.0009,-0.0026623,0.0007917,0.32,1.0614,0.5
1.0009,-0.0026396,0.00078989,0.32,1.0651,0.5
1.0008,-0.0026169,0.00078808,0.32,1.0687,0.5
1.0008,-0.0025942,0.00078627,0.32,1.0724,0.5
1.0008,-0.0025715,0.00078446,0.32,1.076,0.5
1.0008,-0.0025488,0.00078266,0.32,1.0797,0.5
1.0008,-0.0025261,0.00078085,0.32,1.0834,0.5
1.0008,-0.0025034,0.00077904,0.32,1.087,0.5
1.0008,-0.0024807,0.00077723,0.32,1.0907,0.5
1.0008,-0.002458,0.00077543,0.32,1.0943,0.5
1.0008,-0.0024353,0.00077362,0.32,1.098,0.5
1.0008,-0.0024126,0.00077181,0.32,1.1017,0.5
1.0008,-0.0023899,0.00077,0.32,1.1053,0.5
1.0007,-0.0023672,0.00076819,0.32,1.109,0.5
1.0007,-0.0023445,0.00076639,0.32,1.1126,0.5
1.0007,-0.0023218,0.00076458,0.32,1.1163,0.5
1.0007,-0.0022991,0.00076277,0.32,1.12,0.5
1.0007,-0.0022765,0.00076096,0.32,1.1236,0.5
1.0007,-0.0022538,0.00075915,0.32,1.1273,0.5
1.0007,-0.0022311,0.00075735,0.32,1.1309,0.5
1.0007,-0.0022084,0.00075554,0.32,1.1346,0.5
1.0007,-0.0021857,0.00075373,0.32,1.1383,0.5
1.0007,-0.002163,0.00075192,0.32,1.1419,0.5
1.0007,-0.0021429,0.00075016,0.32,1.1456,0.5
1.0007,-0.0021255,0.00074845,0.32,1.1492,0.5
1.0007,-0.0021081,0.00074674,0.32,1.1529,0.5
1.0006,-0.0020908,0.00074503,0.32,1.1566,0.5
1.0006,-0.0020734,0.00074332,0.32,1.1602,0.5
1.0006,-0.002056,0.00074161,0.32,1.1639,0.5
1.0006,-0.0020386,0.0007399,0.32,1.1675,0.5
1.0006,-0.0020212,0.00073819,0.32,1.1712,0.5
1.0006,-0.0020038,0.00073648,0.32,1.1749,0.5
1.0006,-0.0019864,0.00073477,0.32,1.1785,0.5
1.0006,-0.001969,0.00073306,0.32,1.1822,0.5
1.0006,-0.0019517,0.00073134,0.32,1.1858,0.5
1.0006,-0.0019343,0.00072963,0.32,1.1895,0.5
1.0006,-0.0019169,0.00072792,0.32,1.1932,0.5
1.0006,-0.0018995,0.00072621,0.32,1.1968,0.5
1.0006,-0.0018821,0.0007245,0.32,1.2005,0.5
1.0006,-0.0018647,0.00072279,0.32,1.2041,0.5
1.0006,-0.0018473,0.00072108,0.32,1.2078,0.5
1.0006,-0.0018299,0.00071937,0.32,1.2115,0.5
1.0005,-0.0018126,0.00071766,0.32,1.2151,0.5
1.0005,-0.0017952,0.00071595,0.32,1.2188,0.5
1.0005,-0.0017778,0.00071424,0.32,1.2224,0.5
1.0005,-0.0017604,0.00071253,0.32,1.2261,0.5
1.0005,-0.001743,0.00071082,0.32,1.2298,0.5
1.0005,-0.0017256,0.0007091,0.32,1.2334,0.5
1.0005,-0.0017082,0.00070739,0.32,1.2371,0.5
1.0005,-0.0016908,0.00070568,0.32,1.2407,0.5
1.0005,-0.0016735,0.00070397,0.32,1.2444,0.5
1.0005,-0.0016561,0.00070226,0.32,1.2481,0.5
1.0005,-0.0016387,0.00070055,0.32,1.2517,0.5
1.0005,-0.0016213,0.00069884,0.32,1.2554,0.5
1.0005,-0.0016048,0.00069718,0.32,1.259,0.5
1.0005,-0.001591,0.00069569,0.32,1.2627,0.5
1.0005,-0.0015772,0.00069419,0.32,1.2664,0.5
1.0005,-0.0015634,0.0006927,0.32,1.27,0.5
1.0005,-0.0015496,0.0006912,0.32,1.2737,0.5
1.0005,-0.0015359,0.00068971,0.32,1.2773,0.5
1.0004,-0.0015221,0.00068821,0.32,1.281,0.5
1.0004,-0.0015083,0.00068671,0.32,1.2847,0.5
1.0004,-0.0014945,0.00068522,0.32,1.2883,0.5
1.0004,-0.0014807,0.00068372,0.32,1.292,0.5
1.0004,-0.0014669,0.00068223,0.32,1.2956,0.5
1.0004,-0.0014531,0.00068073,0.32,1.2993,0.5
1.0004,-0.0014393,0.00067924,0.32,1.303,0.5
1.0004,-0.0014255,0.00067774,0.32,1.3066,0.5
1.0004,-0.0014118,0.00067625,0.32,1.3103,0.5
1.0004,-0.001398,0.00067475,0.32,1.3139,0.5
1.0004,-0.0013842,0.00067326,0.32,1.3176,0.5
1.0004,-0.0013704,0.00067176,0.32,1.3213,0.5
1.0004,-0.0013566,0.00067027,0.32,1.3249,0.5
1.0004,-0.0013428,0.00066877,0.32,1.3286,0.5
1.0004,-0.001329,0.00066727,0.32,1.3322,0.5
1.0004,-0.0013152,0.00066578,0.32,1.3359,0.5
1.0004,-0.0013014,0.00066428,0.32,1.3396,0.5
1.0004,-0.0012877,0.00066279,0.32,1.3432,0.5
1.0004,-0.0012739,0.00066129,0.32,1.3469,0.5
1.0004,-0.0012601,0.0006598,0.32,1.3505,0.5
1.0004,-0.0012463,0.0006583,0.32,1.3542,0.5
1.0004,-0.0012325,0.00065681,0.32,1.3579,0.5
1.0003,-0.0012187,0.00065531,0.32,1.3615,0.5
1.0003,-0.0012049,0.00065382,0.32,1.3652,0.5
1.0003,-0.0011911,0.00065232,0.32,1.3688,0.5
1.0003,-0.0011773,0.00065082,0.32,1.3725,0.5
1.0003,-0.001166,0.00064962,0.32,1.3762,0.5
1.0003,-0.0011547,0.00064841,0.32,1.3798,0.5
1.0003,-0.0011434,0.0006472,0.32,1.3835,0.5
1.0003,-0.0011321,0.00064599,0.32,1.3871,0.5
1.0003,-0.0011208,0.00064478,0.32,1.3908,0.5
1.0003,-0.0011095,0.00064357,0.32,1.3945,0.5
1.0003,-0.0010982,0.00064236,0.32,1.3981,0.5
1.0003,-0.0010869,0.00064116,0.32,1.4018,0.5
1.0003,-0.0010756,0.00063995,0.32,1.4054,0.5
1.0003,-0.0010643,0.00063874,0.32,1.4091,0.5
1.0003,-0.001053,0.00063753,0.32,1.4128,0.5
1.0003,-0.0010417,0.00063632,0.32,1.4164,0.5
1.0003,-0.0010303,0.00063511,0.32,1.4201,0.5
1.0003,-0.001019,0.0006339,0.32,1.4237,0.5
1.0003,-0.0010077,0.0006327,0.32,1.4274,0.5
1.0003,-0.00099642,0.00063149,0.32,1.4311,0.5
1.0003,-0.00098512,0.00063028,0.32,1.4347,0.5
1.0003,-0.00097381,0.00062907,0.32,1.4384,0.5
1.0003,-0.0009625,0.00062786,0.32,1.442,0.5
1.0003,-0.00095119,0.00062665,0.32,1.4457,0.5
1.0003,-0.00093989,0.00062544,0.32,1.4494,0.5
1.0003,-0.00092858,0.00062424,0.32,1.453,0.5
1.0003,-0.00091727,0.00062303,0.32,1.4567,0.5
1.0003,-0.00090596,0.00062182,0.32,1.4603,0.5
1.0003,-0.00089466,0.00062061,0.32,1.464,0.5
1.0003,-0.00088335,0.0006194,0.32,1.4677,0.5
1.0002,-0.00087204,0.00061819,0.32,1.4713,0.5
1.0002,-0.00086074,0.00061698,0.32,1.475,0.5
1.0002,-0.00084943,0.00061578,0.32,1.4786,0.5
1.0002,-0.00083812,0.00061457,0.32,1.4823,0.5
1.0002,-0.00082681,0.00061336,0.32,1.486,0.5
1.0002,-0.00081664,0.00061239,0.32,1.4896,0.5
1.0002,-0.00080685,0.00061151,0.32,1.4933,0.5
1.0002,-0.00079706,0.00061063,0.32,1.4969,0.5
1.0002,-0.00078727,0.00060975,0.32,1.5006,0.5
1.0002,-0.00077748,0.00060887,0.32,1.5043,0.5
1.0002,-0.00076768,0.00060799,0.32,1.5079,0.5
1.0002,-0.00075789,0.0006071,0.32,1.5116,0.5
1.0002,-0.0007481,0.00060622,0.32,1.5152,0.5
1.0002,-0.00073831,0.00060534,0.32,1.5189,0.5
1.0002,-0.00072852,0.00060446,0.32,1.5226,0.5
1.0002,-0.00071872,0.00060358,0.32,1.5262,0.5
1.0002,-0.00070893,0.00060269,0.32,1.5299,0.5
1.0002,-0.00069914,0.00060181,0.32,1.5335,0.5
1.0002,-0.00068935,0.00060093,0.32,1.5372,0.5
1.0002,-0.00067956,0.00060005,0.32,1.5409,0.5
1.0002,-0.00066977,0.00059917,0.32,1.5445,0.5
1.0002,-0.00065997,0.00059828,0.32,1.5482,0.5
1.0002,-0.00065018,0.0005974,0.32,1.5518,0.5
1.0002,-0.00064039,0.00059652,0.32,1.5555,0.5
1.0002,-0.0006306,0.00059564,0.32,1.5592,0.5
1.0002,-0.00062081,0.00059476,0.32,1.5628,0.5
1.0002,-0.00061101,0.00059387,0.32,1.5665,0.5
1.0002,-0.00060122,0.00059299,0.32,1.5701,0.5
1.0002,-0.00059143,0.00059211,0.32,1.5738,0.5
1.0002,-0.00058164,0.00059123,0.32,1.5775,0.5
1.0002,-0.00057185,0.00059035,0.32,1.5811,0.5
1.0002,-0.00056206,0.00058946,0.32,1.5848,0.5
1.0002,-0.00055226,0.00058858,0.32,1.5884,0.5
1.0002,-0.00054247,0.0005877,0.32,1.5921,0.5
1.0002,-0.00053268,0.00058682,0.32,1.5958,0.5
1.0002,-0.00052289,0.00058594,0.32,1.5994,0.5
1.0002,-0.00051363,0.00058518,0.32,1.6031,0.5
1.0002,-0.0005049,0.00058454,0.32,1.6067,0.5
1.0002,-0.00049617,0.0005839,0.32,1.6104,0.5
1.0002,-0.00048744,0.00058326,0.32,1.6141,0.5
1.0002,-0.00047871,0.00058262,0.32,1.6177,0.5
1.0002,-0.00046998,0.00058198,0.32,1.6214,0.5
1.0002,-0.00046125,0.00058134,0.32,1.625,0.5
1.0002,-0.00045252,0.0005807,0.32,1.6287,0.5
1.0002,-0.00044379,0.00058006,0.32,1.6324,0.5
1.0002,-0.00043506,0.00057942,0.32,1.636,0.5
1.0002,-0.00042633,0.00057878,0.32,1.6397,0.5
1.0002,-0.0004176,0.00057814,0.32,1.6433,0.5
1.0002,-0.00040887,0.0005775,0.32,1.647,0.5
1.0002,-0.00040014,0.00057686,0.32,1.6507,0.5
1.0001,-0.00039141,0.00057622,0.32,1.6543,0.5
1.0001,-0.00038268,0.00057558,0.32,1.658,0.5
1.0001,-0.00037395,0.00057494,0.32,1.6616,0.5
1.0001,-0.00036522,0.0005743,0.32,1.6653,0.5
1.0001,-0.00035648,0.00057366,0.32,1.669,0.5
1.0001,-0.00034775,0.00057302,0.32,1.6726,0.5
1.0001,-0.00033902,0.00057238,0.32,1.6763,0.5
1.0001,-0.00033029,0.00057174,0.32,1.6799,0.5
1.0001,-0.00032156,0.00057111,0.32,1.6836,0.5
1.0001,-0.00031283,0.00057047,0.32,1.6873,0.5
1.0001,-0.0003041,0.00056983,0.32,1.6909,0.5
1.0001,-0.00029537,0.00056919,0.32,1.6946,0.5
1.0001,-0.00028664,0.00056855,0.32,1.6982,0.5
1.0001,-0.00027791,0.00056791,0.32,1.7019,0.5
1.0001,-0.00026918,0.00056727,0.32,1.7056,0.5
1.0001,-0.00026045,0.00056663,0.32,1.7092,0.5
1.0001,-0.00025172,0.00056599,0.32,1.7129,0.5
1.0001,-0.00024321,0.00056098,0.32,1.7165,0.5
1.0001,-0.00023537,0.00054289,0.32,1.7202,0.5
1.0001,-0.00022752,0.00052479,0.32,1.7239,0.5
1.0001,-0.00021968,0.0005067,0.32,1.7275,0.5
1.0001,-0.00021183,0.0004886,0.32,1.7312,0.5
1.0001,-0.00020399,0.0004705,0.32,1.7348,0.5
1.0001,-0.00019614,0.00045241,0.32,1.7385,0.5
1.0001,-0.0001883,0.00043431,0.32,1.7422,0.5
1.0001,-0.00018045,0.00041621,0.32,1.7458,0.5
1.0001,-0.0001726,0.00039812,0.32,1.7495,0.5
1.0001,-0.00016476,0.00038002,0.32,1.7531,0.5
1.0001,-0.00015691,0.00036193,0.32,1.7568,0.5
1.0001,-0.00014907,0.00034383,0.32,1.7605,0.5
1.0001,-0.00014122,0.00032573,0.32,1.7641,0.5
1.0001,-0.00013338,0.00030764,0.32,1.7678,0.5
1.0001,-0.00012553,0.00028954,0.32,1.7714,0.5
1.0001,-0.00011768,0.00027144,0.32,1.7751,0.5
1.0001,-0.00010984,0.00025335,0.32,1.7788,0.5
1.0001,-0.00010199,0.00023525,0.32,1.7824,0.5
1,-9.4148e-05,0.00021716,0.32,1.7861,0.5
1,-8.6302e-05,0.00019906,0.32,1.7897,0.5
1,-7.8456e-05,0.00018096,0.32,1.7934,0.5
1,-7.0611e-05,0.00016287,0.32,1.7971,0.5
1,-6.2765e-05,0.00014477,0.32,1.8007,0.5
1,-5.4919e-05,0.00012667,0.32,1.8044,0.5
1,-4.7074e-05,0.00010858,0.32,1.808,0.5
1,-3.9228e-05,9.0482e-05,0.32,1.8117,0.5
1,-3.1382e-05,7.2385e-05,0.32,1.8154,0.5
1,-2.3537e-05,5.4289e-05,0.32,1.819,0.5
1,-1.5691e-05,3.6193e-05,0.32,1.8227,0.5
1,-7.8456e-06,1.8096e-05,0.32,1.8263,0.5
1,-4.6274e-19,1.0673e-18,0.32,1.83,0.5
